{"payload":{"fileName":"Jupyter interactive","local_timestamp":1674902972374},"type":"ws_msg"}
{"payload":{"installed_packages":["alabaster==0.7.12","altair==4.2.0","anaconda-client==1.11.0","anaconda-navigator==1.10.0","anaconda-project==0.11.1","anyascii==0.3.1","anyio==3.5.0","argh==0.26.2","argon2-cffi-bindings==21.2.0","argon2-cffi==21.3.0","asn1crypto==1.5.1","astroid==2.11.7","astropy==5.1","asttokens==2.0.5","atomicwrites==1.4.0","attrs==22.1.0","autopep8==1.5.4","babel==2.11.0","backcall==0.2.0","backports.functools-lru-cache==1.6.4","backports.shutil-get-terminal-size==1.0.0","backports.tempfile==1.0","backports.weakref==1.0.post1","backports.zoneinfo==0.2.1","bcrypt==3.2.0","beautifulsoup4==4.11.1","bitarray==2.5.1","bkcharts==0.2","bleach==4.1.0","blinker==1.5","bokeh==2.4.3","boto==2.49.0","bottleneck==1.3.5","brotlipy==0.7.0","cachetools==5.2.0","certifi==2022.12.7","cffi==1.15.1","chardet==4.0.0","charset-normalizer==2.0.4","click-plugins==1.1.1","click==7.1.2","cligj==0.7.2","cloudpickle==2.0.0","clyent==1.2.2","colorama==0.4.6","comet-ml==3.31.19","comm==0.1.2","commonmark==0.9.1","comtypes==1.1.10","conda-build==3.23.3","conda-pack==0.6.0","conda-package-handling==2.0.2","conda-package-streaming==0.7.0","conda-verify==3.4.2","conda==22.11.1","configobj==5.0.6","contextlib2==21.6.0","contourpy==1.0.5","contractions==0.1.73","cryptography==38.0.4","cycler==0.11.0","cython==0.29.32","cytoolz==0.12.0","dask-glm==0.2.0","dask-ml==2022.5.27","dask==2023.1.0","debugpy==1.5.1","decorator==5.1.1","defusedxml==0.7.1","diff-match-patch==20200713","dill==0.3.6","distributed==2023.1.0","docutils==0.18.1","dulwich==0.20.50","emoji==2.2.0","entrypoints==0.4","et-xmlfile==1.1.0","everett==3.1.0","executing==0.8.3","fastcache==1.1.0","fastjsonschema==2.16.2","filelock==3.9.0","findspark==2.0.1","fiona==1.8.4","flake8==3.8.4","flask==1.1.2","flit-core==3.6.0","fonttools==4.25.0","fsspec==2022.11.0","future==0.18.2","gdal==2.3.3","geopandas==0.6.1","gevent==22.10.2","gitdb==4.0.10","gitpython==3.1.29","glob2==0.7","gmpy2==2.1.2","greenlet==2.0.1","h5py==2.10.0","heapdict==1.0.1","html5lib==1.1","idna==3.4","imagecodecs==2021.8.26","imageio==2.19.3","imagesize==1.4.1","importlib-metadata==4.11.3","importlib-resources==5.2.0","iniconfig==1.1.1","intervaltree==3.1.0","ipykernel==6.19.2","ipython-genutils==0.2.0","ipython-sql==0.4.1","ipython==8.7.0","ipywidgets==7.6.5","isort==5.9.3","itsdangerous==2.0.1","jdcal==1.4.1","jedi==0.17.1","jinja2==2.11.2","joblib==1.1.1","json5==0.9.6","jsonschema==4.16.0","jupyter-client==7.3.4","jupyter-console==6.4.4","jupyter-core==5.1.1","jupyter-server==1.23.4","jupyter==1.0.0","jupyterlab-pygments==0.1.2","jupyterlab-server==2.10.3","jupyterlab-widgets==1.0.0","jupyterlab==3.5.2","keyring==23.4.0","kiwisolver==1.4.4","lazy-object-proxy==1.6.0","libarchive-c==2.9","llvmlite==0.39.1","locket==1.0.0","lxml==4.9.1","lz4==3.1.3","markupsafe==2.1.2","matplotlib-inline==0.1.6","matplotlib==3.6.2","mccabe==0.6.1","menuinst==1.4.16","mistune==0.8.4","mkl-fft==1.3.1","mkl-random==1.2.2","mkl-service==2.4.0","mlxtend==0.21.0","mock==4.0.3","more-itertools==8.12.0","mpld3==0.5.9","mpmath==1.2.1","msgpack==1.0.3","multipledispatch==0.6.0","munch==2.5.0","munkres==1.1.4","navigator-updater==0.2.1","nbclassic==0.4.8","nbclient==0.5.13","nbconvert==6.4.4","nbformat==5.7.0","nest-asyncio==1.5.6","networkx==2.8.4","nltk==3.7","nose==1.3.7","notebook-shim==0.2.2","notebook==6.5.2","numba==0.56.4","numexpr==2.8.4","numpy==1.23.5","numpydoc==1.5.0","olefile==0.46","openpyxl==3.0.10","packaging==22.0","pandas==1.4.4","pandocfilters==1.5.0","paramiko==2.8.1","parso==0.7.0","partd==1.2.0","path==16.2.0","pathlib2==2.3.6","pathtools==0.1.2","patsy==0.5.2","pep8==1.7.1","pexpect==4.8.0","pickleshare==0.7.5","pillow==9.3.0","pip==22.3.1","pkginfo==1.8.3","pkgutil-resolve-name==1.3.10","platformdirs==2.5.2","pluggy==1.0.0","ply==3.11","prettytable==0.7.2","prometheus-client==0.14.1","prompt-toolkit==3.0.36","protobuf==3.20.3","psutil==5.9.0","ptyprocess==0.7.0","pure-eval==0.2.2","py==1.11.0","pyahocorasick==1.4.4","pyarrow==10.0.1","pycodestyle==2.6.0","pycosat==0.6.4","pycparser==2.21","pycurl==7.45.1","pydeck==0.8.0","pydocstyle==6.1.1","pyerfa==2.0.0","pyflakes==2.2.0","pygments==2.11.2","pylint==2.14.5","pympler==1.0.1","pynacl==1.5.0","pyodbc==4.0.34","pyopenssl==22.0.0","pyparsing==3.0.9","pyproj==1.9.6","pyreadline==2.1","pyrsistent==0.18.0","pysocks==1.7.1","pytest==7.1.2","python-dateutil==2.8.2","python-jsonrpc-server==0.4.0","python-language-server==0.35.1","pytz-deprecation-shim==0.1.0.post0","pytz==2022.7","pywavelets==1.4.1","pywin32-ctypes==0.2.0","pywin32==305.1","pywinpty==2.0.2","pyyaml==6.0","pyzmq==23.2.0","qdarkstyle==3.0.2","qtawesome==1.2.2","qtconsole==5.4.0","qtpy==2.2.0","regex==2022.7.9","requests-toolbelt==0.10.1","requests==2.28.1","rich==12.6.0","rope==0.22.0","rtree==0.9.7","ruamel-yaml-conda==0.17.21","ruamel.yaml.clib==0.2.6","ruamel.yaml==0.17.21","scikit-image==0.19.3","scikit-learn==1.2.0","scikit-surprise==1.1.3","scipy==1.9.3","seaborn==0.12.2","semantic-version==2.10.0","semver==2.13.0","send2trash==1.8.0","sentry-sdk==1.11.1","setuptools==65.6.3","shapely==1.6.4.post1","simplegeneric==0.8.1","simplejson==3.18.0","singledispatch==3.7.0","sip==4.19.13","six==1.16.0","smmap==5.0.0","sniffio==1.2.0","snowballstemmer==2.2.0","sortedcollections==2.1.0","sortedcontainers==2.4.0","soupsieve==2.3.2.post1","sphinx==5.0.2","sphinxcontrib-applehelp==1.0.2","sphinxcontrib-devhelp==1.0.2","sphinxcontrib-htmlhelp==2.0.0","sphinxcontrib-jsmath==1.0.1","sphinxcontrib-qthelp==1.0.3","sphinxcontrib-serializinghtml==1.1.5","sphinxcontrib-websupport==1.2.4","spyder-kernels==1.9.4","spyder==4.1.5","sql-magic==0.0.4","sqlalchemy==1.4.39","sqlparse==0.4.3","stack-data==0.2.0","statsmodels==0.13.2","streamlit==1.15.1","swifter==1.3.4","sympy==1.11.1","tables==3.6.1","tblib==1.7.0","terminado==0.17.1","testpath==0.6.0","textsearch==0.0.24","threadpoolctl==2.2.0","tifffile==2021.7.2","toml==0.10.2","tomli==2.0.1","tomlkit==0.11.1","toolz==0.12.0","tornado==6.1","tqdm==4.64.1","traitlets==5.7.1","typing-extensions==4.4.0","tzdata==2022.6","tzlocal==4.2","ujson==5.4.0","unicodecsv==0.14.1","urllib3==1.26.14","validators==0.20.0","watchdog==2.1.6","wcwidth==0.2.5","webencodings==0.5.1","websocket-client==1.3.3","werkzeug==2.0.3","wheel==0.37.1","widgetsnbextension==3.5.2","win-inet-pton==1.1.0","win-unicode-console==0.5","wincertstore==0.2","wordcloud==1.8.2.2","wrapt==1.14.1","wurlitzer==3.0.3","xlrd==2.0.1","xlsxwriter==3.0.3","xlwings==0.27.15","xlwt==1.3.0","xmltodict==0.12.0","yapf==0.31.0","zict==2.1.0","zipp==3.11.0","zope.event==4.5.0","zope.interface==5.4.0","zstandard==0.18.0"],"local_timestamp":1674902972376},"type":"ws_msg"}
{"payload":{"env_details":{"command":["C:\\Users\\HP\\anaconda3\\lib\\site-packages\\ipykernel_launcher.py","-f","C:\\Users\\HP\\AppData\\Roaming\\jupyter\\runtime\\kernel-2c1768fb-ec86-4982-8e37-ae577335393b.json"],"env":null,"hostname":"JasperZeroes","ip":"192.168.43.37","machine":"AMD64","os":"Windows-10-10.0.19041-SP0","os_release":"10","os_type":"Windows","pid":6316,"processor":"Intel64 Family 6 Model 58 Stepping 9, GenuineIntel","python_exe":"C:\\Users\\HP\\anaconda3\\python.exe","python_version":"3.8.5","python_version_verbose":"3.8.5 (default, Sep  3 2020, 21:29:08) [MSC v.1916 64 bit (AMD64)]","user":"HP"},"local_timestamp":1674902972390},"type":"ws_msg"}
{"payload":{"gpu_static_info":[{"gpu_index":0,"name":"GeForce GT 650M","power_limit":null,"total_memory":2147483648,"uuid":"GPU-acd103b3-c86e-b557-0e3a-5e5544634c62"}],"local_timestamp":1674902972479},"type":"ws_msg"}
{"payload":{"local_timestamp":1674902972503,"metric":{"epoch":null,"metricName":"sys.gpu.0.total_memory","metricValue":2147483648,"step":null}},"type":"metric_msg"}
{"payload":{"local_timestamp":1674902973527,"param":{"paramName":"f","paramValue":"C:\\Users\\HP\\AppData\\Roaming\\jupyter\\runtime\\kernel-2c1768fb-ec86-4982-8e37-ae577335393b.json","source":"cli","step":null}},"type":"parameter_msg"}
{"payload":{"local_timestamp":1674902978711,"stderr":true,"stdout":"COMET INFO: Experiment is live on comet.com https://www.comet.com/jasperzeroes/movie-recommendation-system/f391b711b7e14cd9abf41d3896bb7bcd\n\n"},"type":"ws_msg"}
{"payload":{"git_meta":{"branch":"refs/heads/master","origin":"https://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@github.com/JasperZeroes/TeamND2-unsupervised-predict","parent":"6c0b1ed63d4338b6e03c55a506a9f64181e5aff8","repo_name":"TeamND2-unsupervised-predict","root":"cc9db689157925b5076e9f8632743c289f82aebd","status":null,"user":"JasperZeroes"},"local_timestamp":1674902986315},"type":"ws_msg"}
{"payload":{"additional_params":null,"clean":true,"file_path":"tmp968gv9rx..zip","local_timestamp":1674903006860,"metadata":{},"upload_type":"git-patch"},"type":"file_upload"}
{"payload":{"additional_params":{"assetId":"e99db1294cef493eb851bb6a4d672faa","context":null,"epoch":null,"extension":"yml","fileName":"conda-environment.yml","overwrite":false,"runId":"ZMvu1lzWexbulndo4a2pAUkuB","step":null,"type":"conda-environment-definition"},"clean":true,"file_path":"tmp992gjgbx","local_timestamp":1674903061179,"metadata":{},"upload_type":"conda-environment-definition"},"type":"file_upload"}
{"payload":{"additional_params":{"assetId":"c7fe0957d6a249569f57b858ff14e3c9","context":null,"epoch":null,"extension":"txt","fileName":"conda-spec.txt","overwrite":false,"runId":"ZMvu1lzWexbulndo4a2pAUkuB","step":null,"type":"conda-specification"},"clean":true,"file_path":"tmp1_jvf_ch","local_timestamp":1674903089055,"metadata":{},"upload_type":"conda-specification"},"type":"file_upload"}
{"payload":{"additional_params":{"assetId":"e909b050a9a14e88ac85bbb81a319cc8","context":null,"epoch":null,"extension":"yml","fileName":"conda-info.yml","overwrite":false,"runId":"ZMvu1lzWexbulndo4a2pAUkuB","step":null,"type":"conda-info"},"clean":true,"file_path":"tmpzn42fld2","local_timestamp":1674903095717,"metadata":{},"upload_type":"conda-info"},"type":"file_upload"}
{"payload":{"local_timestamp":1674903110209,"stderr":true,"stdout":"COMET ERROR: File upload failed: ValueError(\"Uploading file failed with max retries: 4 on url 'https://www.comet.com/clientlib/git-patch/upload'\"), file: C:\\Users\\HP\\AppData\\Local\\Temp\\tmpl0ctkie0\\patch.zip\n"},"type":"ws_msg"}
{"payload":{"local_timestamp":1674903468814,"stderr":false,"stdout":"Computing the msd similarity matrix..."},"type":"ws_msg"}
{"payload":{"local_timestamp":1674903468814,"stderr":false,"stdout":"\n"},"type":"ws_msg"}
{"payload":{"local_timestamp":1674903469437,"stderr":false,"stdout":"Done computing similarity matrix."},"type":"ws_msg"}
{"payload":{"local_timestamp":1674903469437,"stderr":false,"stdout":"\n"},"type":"ws_msg"}
{"payload":{"local_timestamp":1674903486002,"stderr":false,"stdout":"Computing the msd similarity matrix..."},"type":"ws_msg"}
{"payload":{"local_timestamp":1674903486002,"stderr":false,"stdout":"\n"},"type":"ws_msg"}
{"payload":{"local_timestamp":1674903486594,"stderr":false,"stdout":"Done computing similarity matrix."},"type":"ws_msg"}
{"payload":{"local_timestamp":1674903486594,"stderr":false,"stdout":"\n"},"type":"ws_msg"}
{"payload":{"local_timestamp":1674903635230,"stderr":false,"stdout":"RMSE: 0.9227"},"type":"ws_msg"}
{"payload":{"local_timestamp":1674903635230,"stderr":false,"stdout":"\n"},"type":"ws_msg"}
{"payload":{"local_timestamp":1674903638954,"stderr":false,"stdout":"RMSE: 0.9227"},"type":"ws_msg"}
{"payload":{"local_timestamp":1674903638954,"stderr":false,"stdout":"\n"},"type":"ws_msg"}
{"payload":{"local_timestamp":1674903700071,"stderr":false,"stdout":"Computing the msd similarity matrix..."},"type":"ws_msg"}
{"payload":{"local_timestamp":1674903700071,"stderr":false,"stdout":"\n"},"type":"ws_msg"}
{"payload":{"local_timestamp":1674903700754,"stderr":false,"stdout":"Done computing similarity matrix."},"type":"ws_msg"}
{"payload":{"local_timestamp":1674903700754,"stderr":false,"stdout":"\n"},"type":"ws_msg"}
{"payload":{"local_timestamp":1674903734588,"stderr":false,"stdout":"RMSE: 0.9672"},"type":"ws_msg"}
{"payload":{"local_timestamp":1674903734588,"stderr":false,"stdout":"\n"},"type":"ws_msg"}
{"payload":{"local_timestamp":1674903747727,"stderr":false,"stdout":"Computing the msd similarity matrix..."},"type":"ws_msg"}
{"payload":{"local_timestamp":1674903747727,"stderr":false,"stdout":"\n"},"type":"ws_msg"}
{"payload":{"local_timestamp":1674903748363,"stderr":false,"stdout":"Done computing similarity matrix."},"type":"ws_msg"}
{"payload":{"local_timestamp":1674903748363,"stderr":false,"stdout":"\n"},"type":"ws_msg"}
{"payload":{"local_timestamp":1674903768190,"stderr":false,"stdout":"RMSE: 0.9227"},"type":"ws_msg"}
{"payload":{"local_timestamp":1674903768190,"stderr":false,"stdout":"\n"},"type":"ws_msg"}
{"payload":{"local_timestamp":1674903813416,"stderr":false,"stdout":"Computing the msd similarity matrix..."},"type":"ws_msg"}
{"payload":{"local_timestamp":1674903813416,"stderr":false,"stdout":"\n"},"type":"ws_msg"}
{"payload":{"local_timestamp":1674903814069,"stderr":false,"stdout":"Done computing similarity matrix."},"type":"ws_msg"}
{"payload":{"local_timestamp":1674903814069,"stderr":false,"stdout":"\n"},"type":"ws_msg"}
{"payload":{"local_timestamp":1674903864281,"stderr":false,"stdout":"RMSE: 0.9235"},"type":"ws_msg"}
{"payload":{"local_timestamp":1674903864281,"stderr":false,"stdout":"\n"},"type":"ws_msg"}
{"payload":{"local_timestamp":1674903934729,"stderr":false,"stdout":"RMSE: 0.9026"},"type":"ws_msg"}
{"payload":{"local_timestamp":1674903934729,"stderr":false,"stdout":"\n"},"type":"ws_msg"}
{"payload":{"local_timestamp":1674903983545,"stderr":false,"stdout":"Estimating biases using"},"type":"ws_msg"}
{"payload":{"local_timestamp":1674903983546,"stderr":false,"stdout":" "},"type":"ws_msg"}
{"payload":{"local_timestamp":1674903983546,"stderr":false,"stdout":"als..."},"type":"ws_msg"}
{"payload":{"local_timestamp":1674903983546,"stderr":false,"stdout":"\n"},"type":"ws_msg"}
{"payload":{"local_timestamp":1674904017586,"stderr":false,"stdout":"RMSE: 0.8989"},"type":"ws_msg"}
{"payload":{"local_timestamp":1674904017586,"stderr":false,"stdout":"\n"},"type":"ws_msg"}
{"payload":{"local_timestamp":1674904102849,"stderr":false,"stdout":"RMSE: 1.4385"},"type":"ws_msg"}
{"payload":{"local_timestamp":1674904102849,"stderr":false,"stdout":"\n"},"type":"ws_msg"}
{"payload":{"local_timestamp":1674908487142,"param":{"paramName":"model_type","paramValue":"KNNBasic","source":"manual","step":null}},"type":"parameter_msg"}
{"payload":{"local_timestamp":1674908487175,"param":{"paramName":"random_state","paramValue":42,"source":"manual","step":null}},"type":"parameter_msg"}
{"payload":{"local_timestamp":1674908487177,"param":{"paramName":"stratify","paramValue":true,"source":"manual","step":null}},"type":"parameter_msg"}
{"payload":{"local_timestamp":1674908487375,"metric":{"epoch":null,"metricName":"RMSE","metricValue":0.9671524784958385,"step":null}},"type":"metric_msg"}
{"payload":{"local_timestamp":1674908489228,"param":{"paramName":"model_type","paramValue":"KNNMeans","source":"manual","step":null}},"type":"parameter_msg"}
{"payload":{"local_timestamp":1674908489229,"metric":{"epoch":null,"metricName":"RMSE","metricValue":0.922745552319043,"step":null}},"type":"metric_msg"}
{"payload":{"local_timestamp":1674908491362,"param":{"paramName":"model_type","paramValue":"KNNZScore","source":"manual","step":null}},"type":"parameter_msg"}
{"payload":{"local_timestamp":1674908491363,"metric":{"epoch":null,"metricName":"RMSE","metricValue":0.9235054023206475,"step":null}},"type":"metric_msg"}
{"payload":{"local_timestamp":1674908509439,"param":{"paramName":"model_type","paramValue":"SVD","source":"manual","step":null}},"type":"parameter_msg"}
{"payload":{"local_timestamp":1674908509440,"metric":{"epoch":null,"metricName":"RMSE","metricValue":0.9026050605353414,"step":null}},"type":"metric_msg"}
{"payload":{"local_timestamp":1674908513057,"metric":{"epoch":null,"metricName":"RMSE","metricValue":0.8989464420419919,"step":null}},"type":"metric_msg"}
{"payload":{"local_timestamp":1674908514541,"metric":{"epoch":null,"metricName":"RMSE","metricValue":1.4385249420651731,"step":null}},"type":"metric_msg"}
{"payload":{"additional_params":{"assetId":"57409aa4f2f84237bdcb53d9452562d3","context":null,"epoch":null,"fileName":"Jupyter interactive","overwrite":false,"runId":"ZMvu1lzWexbulndo4a2pAUkuB","step":null,"type":"source_code"},"clean":true,"file_path":"tmp8f_hyefw","local_timestamp":1674908520746,"metadata":{"source_code_type":"experiment_creation"},"upload_type":"source_code"},"type":"file_upload"}
{"payload":{"additional_params":{"assetId":"1dc5bef9bc95455cad9746b4ee4bbf06","context":null,"epoch":null,"extension":"ipynb","fileName":"Code.ipynb","overwrite":true,"runId":"ZMvu1lzWexbulndo4a2pAUkuB","step":null,"type":"notebook"},"clean":true,"file_path":"tmpok50tm9x","local_timestamp":1674908521512,"metadata":{},"upload_type":"notebook"},"type":"file_upload"}
{"payload":{"local_timestamp":1674908521246,"stderr":true,"stdout":"COMET INFO: ---------------------------\n"},"type":"ws_msg"}
{"payload":{"local_timestamp":1674908521304,"stderr":true,"stdout":"COMET INFO: Comet.ml Experiment Summary\n"},"type":"ws_msg"}
{"payload":{"local_timestamp":1674908521432,"stderr":true,"stdout":"COMET INFO: ---------------------------\n"},"type":"ws_msg"}
{"payload":{"local_timestamp":1674908521544,"stderr":true,"stdout":"COMET INFO:   Data:\n"},"type":"ws_msg"}
{"payload":{"local_timestamp":1674908521576,"stderr":true,"stdout":"COMET INFO:     display_summary_level : 1\n"},"type":"ws_msg"}
{"payload":{"local_timestamp":1674908521701,"stderr":true,"stdout":"COMET INFO:     url                   : https://www.comet.com/jasperzeroes/movie-recommendation-system/f391b711b7e14cd9abf41d3896bb7bcd\n"},"type":"ws_msg"}
{"payload":{"local_timestamp":1674908521781,"stderr":true,"stdout":"COMET INFO:   Metrics [count] (min, max):\n"},"type":"ws_msg"}
{"payload":{"local_timestamp":1674908521845,"stderr":true,"stdout":"COMET INFO:     RMSE [6] : (0.8989464420419919, 1.4385249420651731)\n"},"type":"ws_msg"}
{"payload":{"local_timestamp":1674908521891,"stderr":true,"stdout":"COMET INFO:   Parameters:\n"},"type":"ws_msg"}
{"payload":{"local_timestamp":1674908521924,"stderr":true,"stdout":"COMET INFO:     model_type   : SVD\n"},"type":"ws_msg"}
{"payload":{"local_timestamp":1674908521984,"stderr":true,"stdout":"COMET INFO:     random_state : 42\n"},"type":"ws_msg"}
{"payload":{"local_timestamp":1674908522112,"stderr":true,"stdout":"COMET INFO:     stratify     : True\n"},"type":"ws_msg"}
{"payload":{"local_timestamp":1674908522239,"stderr":true,"stdout":"COMET INFO:   Uploads:\n"},"type":"ws_msg"}
{"payload":{"local_timestamp":1674908522319,"stderr":true,"stdout":"COMET INFO:     conda-environment-definition : 1\n"},"type":"ws_msg"}
{"payload":{"local_timestamp":1674908522541,"stderr":true,"stdout":"COMET INFO:     conda-info                   : 1\n"},"type":"ws_msg"}
{"payload":{"local_timestamp":1674908522637,"stderr":true,"stdout":"COMET INFO:     conda-specification          : 1\n"},"type":"ws_msg"}
{"payload":{"local_timestamp":1674908522654,"stderr":true,"stdout":"COMET INFO:     environment details          : 1\n"},"type":"ws_msg"}
{"payload":{"local_timestamp":1674908522714,"stderr":true,"stdout":"COMET INFO:     filename                     : 1\n"},"type":"ws_msg"}
{"payload":{"local_timestamp":1674908522810,"stderr":true,"stdout":"COMET INFO:     git metadata                 : 1\n"},"type":"ws_msg"}
{"payload":{"local_timestamp":1674908522842,"stderr":true,"stdout":"COMET INFO:     git-patch (uncompressed)     : 1 (4.50 MB)\n"},"type":"ws_msg"}
{"payload":{"local_timestamp":1674908523032,"stderr":true,"stdout":"COMET INFO:     installed packages           : 1\n"},"type":"ws_msg"}
{"payload":{"local_timestamp":1674908523127,"stderr":true,"stdout":"COMET INFO:     notebook                     : 1\n"},"type":"ws_msg"}
{"payload":{"local_timestamp":1674908523255,"stderr":true,"stdout":"COMET INFO:     source_code                  : 1\n"},"type":"ws_msg"}
{"payload":{"local_timestamp":1674908523398,"stderr":true,"stdout":"COMET INFO: ---------------------------\n"},"type":"ws_msg"}
